{
  "ordinary_generation": {
    "pixel_accuracy": 0.7112503051757812,
    "furniture_iou": 0.0,
    "architecture_iou": 0.3731524820910296,
    "door_window_iou": 1.0,
    "object_count_f1": 0.0,
    "category_presence_f1": 0.5
  },
  "fullmask_inpaint_generation": {
    "pixel_accuracy": 0.5810165405273438,
    "furniture_iou": 0.17294476205653272,
    "architecture_iou": 0.0767189104364841,
    "door_window_iou": 1.0,
    "object_count_f1": 0.0,
    "category_presence_f1": 0.30769230769230765
  },
  "localmask_repair": {
    "pixel_accuracy": 0.9846611022949219,
    "furniture_iou": 0.949883735160935,
    "architecture_iou": 0.9919760455604048,
    "door_window_iou": 1.0,
    "object_count_f1": 0.6666666666666665,
    "category_presence_f1": 0.7142857142857143
  },
  "recommendation": "Keep both as separate candidates and scale to 4-sample before final route freeze."
}